Query ID,Runtime
30,0:00:00.174000
6,0:00:00.131000
13,0:00:00.120000
